id;start_date;end_date;language
1;2024-01-18T11:22:27;2024-01-18T18:07:17;FRENCH
2;2024-01-18T01:14:53;2024-01-18T16:54:36;SPANISH
3;2024-01-18T02:38:03;2024-01-17T19:48:30;SPANISH
4;2024-01-17T20:27:05;2024-01-18T05:02:24;ENGLISH
5;2024-01-18T09:41:43;2024-01-18T00:38:39;SPANISH
6;2024-01-18T09:00:30;2024-01-18T17:28:09;FRENCH
7;2024-01-18T06:07:19;2024-01-18T09:42:40;ENGLISH
8;2024-01-17T22:24:45;2024-01-18T16:21:12;ENGLISH
9;2024-01-18T15:27:04;2024-01-18T06:31:42;FRENCH
10;2024-01-18T02:11:24;2024-01-18T15:23:41;ENGLISH
